{"commit":"1231","data":{"Simple:avg":{"gd":{"raw":[1946,2094,1954,1828,2180,1913,1894,1957,1867,2226,2148,2004,2116,2100,1997,1895,1892,2088,1850,2044,1880,2009,1834,1869,1955,1778,2182,1787,1997,2322],"min":430.663221,"max":562.429696,"avg":503.305036,"median":511.247444,"p95":449.236298,"p99":449.236298},"csharp":{"raw":[33,33,33,33,33,33,34,36,33,33,33,34,34,33,33,33,33,34,33,34,33,33,33,34,34,33,33,33,33,33],"min":27777.777778,"max":30303.030303,"avg":30000,"median":30303.030303,"p95":29411.764706,"p99":29411.764706}},"Simple:vectors":{"gd":{"raw":[714,714,751,715,714,714,790,828,867,712,713,751,786,794,712,713,995,714,721,731,924,829,841,749,885,813,733,870,956,780],"min":1005.025126,"max":1404.494382,"avg":1275.022313,"median":1331.557923,"p95":1046.025105,"p99":1046.025105},"csharp":{"raw":[122,110,122,117,102,98,119,105,109,141,114,113,124,108,106,110,128,118,117,149,153,118,169,99,99,99,101,153,149,123],"min":5917.159763,"max":10204.081633,"avg":8344.923505,"median":8547.008547,"p95":6535.947712,"p99":6535.947712}},"Simple:icall":{"gd":{"raw":[7,7,7,7,19,6,7,7,6,8,7,25,7,7,7,7,7,8,7,11,9,8,8,8,8,8,8,7,22,7],"min":40000,"max":166666.666667,"avg":112359.550562,"median":142857.142857,"p95":45454.545455,"p99":45454.545455},"csharp":{"raw":[15,31,14,14,14,13,14,14,14,14,14,13,13,18,14,14,13,14,13,14,14,14,13,14,14,13,13,14,14,19],"min":32258.064516,"max":76923.076923,"avg":68337.129841,"median":71428.571429,"p95":52631.578947,"p99":52631.578947}},"Simple:vectors2_only":{"gd":{"raw":[472,532,427,482,620,427,427,426,426,427,454,493,427,427,427,454,442,426,459,565,478,428,454,426,462,511,537,514,426,426],"min":1612.903226,"max":2347.41784,"avg":2157.962883,"median":2232.142857,"p95":1769.911504,"p99":1769.911504},"csharp":{"raw":[36,35,35,35,35,36,35,36,35,35,35,35,36,35,35,35,36,35,36,36,36,35,38,36,36,36,72,40,39,39],"min":13888.888889,"max":28571.428571,"avg":26929.982047,"median":27777.777778,"p95":25000,"p99":25000}},"Simple:icall_with_loop":{"gd":{"raw":[7442,7410,7323,7491,7053,7450,7161,7098,7430,7323,7351,7090,7344,7236,7785,6962,7651,7415,7256,7355,8096,7844,7286,7827,7283,7483,7050,7610,7404,7248],"min":123.517787,"max":143.636886,"avg":135.283215,"median":135.998912,"p95":127.485977,"p99":127.485977},"csharp":{"raw":[13711,14391,12883,13661,13479,13425,13017,13066,13425,13572,13182,12864,12921,13221,12837,29946,19616,13030,12818,12957,13027,13320,12719,12798,13111,13112,12666,13002,13273,13213],"min":33.393442,"max":78.951524,"avg":71.725206,"median":76.268924,"p95":50.978793,"p99":50.978793}},"Simple:simple_add":{"gd":{"raw":[5,4,4,4,4,4,4,4,4,4,4,4,4,4,4,4,4,4,5,4,4,4,4,4,4,5,5,5,4,4],"min":200000,"max":250000,"avg":240000,"median":250000,"p95":200000,"p99":200000},"csharp":{"raw":[6,6,6,6,6,6,6,6,6,5,6,5,6,6,6,5,6,6,6,6,6,6,6,6,6,6,6,6,6,5],"min":166666.666667,"max":200000,"avg":170454.545455,"median":166666.666667,"p95":166666.666667,"p99":166666.666667}},"Simple:method_call":{"gd":{"raw":[4,3,3,4,4,4,3,4,4,3,4,4,4,3,4,4,4,4,4,4,4,4,4,4,4,4,4,4,4,4],"min":250000,"max":333333.333333,"avg":260869.565217,"median":250000,"p95":250000,"p99":250000},"csharp":{"raw":[3,4,3,4,4,3,4,4,4,4,4,4,4,4,4,4,4,4,4,3,3,4,4,4,4,4,3,4,4,3],"min":250000,"max":333333.333333,"avg":265486.725664,"median":250000,"p95":250000,"p99":250000}}}}